"Tabela 4709 - População residente, Variação absoluta de população residente e Taxa de crescimento geométrico"
"Variável - População residente (Pessoas)"
"Cód.";"Unidade da Federação e Município";"Ano"
"Cód.";"Unidade da Federação e Município";"2022"
"11";"Rondônia";"1581196"
"12";"Acre";"830018"
"13";"Amazonas";"3941613"
"14";"Roraima";"636707"
"15";"Pará";"8120131"
"16";"Amapá";"733759"
"17";"Tocantins";"1511460"
"21";"Maranhão";"6776699"
"22";"Piauí";"3271199"
"23";"Ceará";"8794957"
"24";"Rio Grande do Norte";"3302729"
"25";"Paraíba";"3974687"
"26";"Pernambuco";"9058931"
"27";"Alagoas";"3127683"
"28";"Sergipe";"2210004"
"29";"Bahia";"14141626"
"31";"Minas Gerais";"20539989"
"32";"Espírito Santo";"3833712"
"33";"Rio de Janeiro";"16055174"
"35";"São Paulo";"44411238"
"41";"Paraná";"11444380"
"42";"Santa Catarina";"7610361"
"43";"Rio Grande do Sul";"10882965"
"50";"Mato Grosso do Sul";"2757013"
"51";"Mato Grosso";"3658649"
"52";"Goiás";"7056495"
"53";"Distrito Federal";"2817381"
"3300100";"Angra dos Reis (RJ)";"167434"
"3300159";"Aperibé (RJ)";"11034"
"3300209";"Araruama (RJ)";"129671"
"3300225";"Areal (RJ)";"11828"
"3300233";"Armação dos Búzios (RJ)";"40006"
"3300258";"Arraial do Cabo (RJ)";"30986"
"3300308";"Barra do Piraí (RJ)";"92883"
"3300407";"Barra Mansa (RJ)";"169894"
"3300456";"Belford Roxo (RJ)";"483087"
"3300506";"Bom Jardim (RJ)";"28102"
"3300605";"Bom Jesus do Itabapoana (RJ)";"35173"
"3300704";"Cabo Frio (RJ)";"222161"
"3300803";"Cachoeiras de Macacu (RJ)";"56943"
"3300902";"Cambuci (RJ)";"14616"
"3300936";"Carapebus (RJ)";"13847"
"3300951";"Comendador Levy Gasparian (RJ)";"8741"
"3301009";"Campos dos Goytacazes (RJ)";"483540"
"3301108";"Cantagalo (RJ)";"19390"
"3301157";"Cardoso Moreira (RJ)";"12958"
"3301207";"Carmo (RJ)";"17198"
"3301306";"Casimiro de Abreu (RJ)";"46110"
"3301405";"Conceição de Macabu (RJ)";"21104"
"3301504";"Cordeiro (RJ)";"20783"
"3301603";"Duas Barras (RJ)";"10980"
"3301702";"Duque de Caxias (RJ)";"808161"
"3301801";"Engenheiro Paulo de Frontin (RJ)";"12242"
"3301850";"Guapimirim (RJ)";"51696"
"3301876";"Iguaba Grande (RJ)";"27920"
"3301900";"Itaboraí (RJ)";"224267"
"3302007";"Itaguaí (RJ)";"116841"
"3302056";"Italva (RJ)";"14073"
"3302106";"Itaocara (RJ)";"22919"
"3302205";"Itaperuna (RJ)";"101041"
"3302254";"Itatiaia (RJ)";"30908"
"3302270";"Japeri (RJ)";"96289"
"3302304";"Laje do Muriaé (RJ)";"7336"
"3302403";"Macaé (RJ)";"246391"
"3302452";"Macuco (RJ)";"5415"
"3302502";"Magé (RJ)";"228127"
"3302601";"Mangaratiba (RJ)";"41220"
"3302700";"Maricá (RJ)";"197277"
"3302809";"Mendes (RJ)";"17502"
"3302858";"Mesquita (RJ)";"167127"
"3302908";"Miguel Pereira (RJ)";"26582"
"3303005";"Miracema (RJ)";"26881"
"3303104";"Natividade (RJ)";"15074"
"3303203";"Nilópolis (RJ)";"146774"
"3303302";"Niterói (RJ)";"481749"
"3303401";"Nova Friburgo (RJ)";"189939"
"3303500";"Nova Iguaçu (RJ)";"785867"
"3303609";"Paracambi (RJ)";"41375"
"3303708";"Paraíba do Sul (RJ)";"42063"
"3303807";"Paraty (RJ)";"45243"
"3303856";"Paty do Alferes (RJ)";"29619"
"3303906";"Petrópolis (RJ)";"278881"
"3303955";"Pinheiral (RJ)";"24298"
"3304003";"Piraí (RJ)";"27474"
"3304102";"Porciúncula (RJ)";"17288"
"3304110";"Porto Real (RJ)";"20373"
"3304128";"Quatis (RJ)";"13682"
"3304144";"Queimados (RJ)";"140523"
"3304151";"Quissamã (RJ)";"22393"
"3304201";"Resende (RJ)";"129612"
"3304300";"Rio Bonito (RJ)";"56276"
"3304409";"Rio Claro (RJ)";"17401"
"3304508";"Rio das Flores (RJ)";"8954"
"3304524";"Rio das Ostras (RJ)";"156491"
"3304557";"Rio de Janeiro (RJ)";"6211223"
"3304607";"Santa Maria Madalena (RJ)";"10232"
"3304706";"Santo Antônio de Pádua (RJ)";"41325"
"3304755";"São Francisco de Itabapoana (RJ)";"45059"
"3304805";"São Fidélis (RJ)";"38961"
"3304904";"São Gonçalo (RJ)";"896744"
"3305000";"São João da Barra (RJ)";"36573"
"3305109";"São João de Meriti (RJ)";"440962"
"3305133";"São José de Ubá (RJ)";"7070"
"3305158";"São José do Vale do Rio Preto (RJ)";"22080"
"3305208";"São Pedro da Aldeia (RJ)";"104029"
"3305307";"São Sebastião do Alto (RJ)";"7750"
"3305406";"Sapucaia (RJ)";"17729"
"3305505";"Saquarema (RJ)";"89559"
"3305554";"Seropédica (RJ)";"80596"
"3305604";"Silva Jardim (RJ)";"21352"
"3305703";"Sumidouro (RJ)";"15206"
"3305752";"Tanguá (RJ)";"31086"
"3305802";"Teresópolis (RJ)";"165123"
"3305901";"Trajano de Moraes (RJ)";"10302"
"3306008";"Três Rios (RJ)";"78346"
"3306107";"Valença (RJ)";"68088"
"3306156";"Varre-Sai (RJ)";"10207"
"3306206";"Vassouras (RJ)";"33976"
"3306305";"Volta Redonda (RJ)";"261563"
"3500105";"Adamantina (SP)";"34687"
"3500204";"Adolfo (SP)";"4351"
"3500303";"Aguaí (SP)";"32072"
"3500402";"Águas da Prata (SP)";"7369"
"3500501";"Águas de Lindóia (SP)";"17930"
"3500550";"Águas de Santa Bárbara (SP)";"7177"
"3500600";"Águas de São Pedro (SP)";"2780"
"3500709";"Agudos (SP)";"37680"
"3500758";"Alambari (SP)";"6141"
"3500808";"Alfredo Marcondes (SP)";"4445"
"3500907";"Altair (SP)";"3451"
"3501004";"Altinópolis (SP)";"16818"
"3501103";"Alto Alegre (SP)";"3841"
"3501152";"Alumínio (SP)";"17301"
"3501202";"Álvares Florence (SP)";"3915"
"3501301";"Álvares Machado (SP)";"27255"
"3501400";"Álvaro de Carvalho (SP)";"4808"
"3501509";"Alvinlândia (SP)";"2885"
"3501608";"Americana (SP)";"237240"
"3501707";"Américo Brasiliense (SP)";"33019"
"3501806";"Américo de Campos (SP)";"5870"
"3501905";"Amparo (SP)";"68008"
"3502002";"Analândia (SP)";"4589"
"3502101";"Andradina (SP)";"59783"
"3502200";"Angatuba (SP)";"24022"
"3502309";"Anhembi (SP)";"5674"
"3502408";"Anhumas (SP)";"4023"
"3502507";"Aparecida (SP)";"32569"
"3502606";"Aparecida d'Oeste (SP)";"4086"
"3502705";"Apiaí (SP)";"24585"
"3502754";"Araçariguama (SP)";"21522"
"3502804";"Araçatuba (SP)";"200124"
"3502903";"Araçoiaba da Serra (SP)";"32443"
"3503000";"Aramina (SP)";"5420"
"3503109";"Arandu (SP)";"6885"
"3503158";"Arapeí (SP)";"2330"
"3503208";"Araraquara (SP)";"242228"
"3503307";"Araras (SP)";"130866"
"3503356";"Arco-Íris (SP)";"2044"
"3503406";"Arealva (SP)";"8130"
"3503505";"Areias (SP)";"3577"
"3503604";"Areiópolis (SP)";"10130"
"3503703";"Ariranha (SP)";"7602"
"3503802";"Artur Nogueira (SP)";"51456"
"3503901";"Arujá (SP)";"86678"
"3503950";"Aspásia (SP)";"1842"
"3504008";"Assis (SP)";"101409"
"3504107";"Atibaia (SP)";"158647"
"3504206";"Auriflama (SP)";"13692"
"3504305";"Avaí (SP)";"4483"
"3504404";"Avanhandava (SP)";"11263"
"3504503";"Avaré (SP)";"92805"
"3504602";"Bady Bassitt (SP)";"27260"
"3504701";"Balbinos (SP)";"3887"
"3504800";"Bálsamo (SP)";"9596"
"3504909";"Bananal (SP)";"9969"
"3505005";"Barão de Antonina (SP)";"3531"
"3505104";"Barbosa (SP)";"5640"
"3505203";"Bariri (SP)";"31595"
"3505302";"Barra Bonita (SP)";"34346"
"3505351";"Barra do Chapéu (SP)";"5179"
"3505401";"Barra do Turvo (SP)";"6876"
"3505500";"Barretos (SP)";"122485"
"3505609";"Barrinha (SP)";"32092"
"3505708";"Barueri (SP)";"316473"
"3505807";"Bastos (SP)";"21503"
"3505906";"Batatais (SP)";"58402"
"3506003";"Bauru (SP)";"379146"
"3506102";"Bebedouro (SP)";"76373"
"3506201";"Bento de Abreu (SP)";"2606"
"3506300";"Bernardino de Campos (SP)";"11607"
"3506359";"Bertioga (SP)";"64188"
"3506409";"Bilac (SP)";"7319"
"3506508";"Birigui (SP)";"118979"
"3506607";"Biritiba Mirim (SP)";"29683"
"3506706";"Boa Esperança do Sul (SP)";"12978"
"3506805";"Bocaina (SP)";"11259"
"3506904";"Bofete (SP)";"10460"
"3507001";"Boituva (SP)";"61081"
"3507100";"Bom Jesus dos Perdões (SP)";"22006"
"3507159";"Bom Sucesso de Itararé (SP)";"3555"
"3507209";"Borá (SP)";"907"
"3507308";"Boracéia (SP)";"4715"
"3507407";"Borborema (SP)";"14226"
"3507456";"Borebi (SP)";"2713"
"3507506";"Botucatu (SP)";"145155"
"3507605";"Bragança Paulista (SP)";"176811"
"3507704";"Braúna (SP)";"5356"
"3507753";"Brejo Alegre (SP)";"2565"
"3507803";"Brodowski (SP)";"25201"
"3507902";"Brotas (SP)";"23898"
"3508009";"Buri (SP)";"20250"
"3508108";"Buritama (SP)";"17210"
"3508207";"Buritizal (SP)";"4356"
"3508306";"Cabrália Paulista (SP)";"4299"
"3508405";"Cabreúva (SP)";"47011"
"3508504";"Caçapava (SP)";"96202"
"3508603";"Cachoeira Paulista (SP)";"31564"
"3508702";"Caconde (SP)";"17101"
"3508801";"Cafelândia (SP)";"16654"
"3508900";"Caiabu (SP)";"3712"
"3509007";"Caieiras (SP)";"95032"
"3509106";"Caiuá (SP)";"5466"
"3509205";"Cajamar (SP)";"92689"
"3509254";"Cajati (SP)";"28515"
"3509304";"Cajobi (SP)";"9133"
"3509403";"Cajuru (SP)";"23830"
"3509452";"Campina do Monte Alegre (SP)";"5954"
"3509502";"Campinas (SP)";"1139047"
"3509601";"Campo Limpo Paulista (SP)";"77632"
"3509700";"Campos do Jordão (SP)";"46974"
"3509809";"Campos Novos Paulista (SP)";"4888"
"3509908";"Cananéia (SP)";"12289"
"3509957";"Canas (SP)";"4931"
"3510005";"Cândido Mota (SP)";"29449"
"3510104";"Cândido Rodrigues (SP)";"2889"
"3510153";"Canitar (SP)";"6283"
"3510203";"Capão Bonito (SP)";"46337"
"3510302";"Capela do Alto (SP)";"22866"
"3510401";"Capivari (SP)";"50068"
"3510500";"Caraguatatuba (SP)";"134873"
"3510609";"Carapicuíba (SP)";"386984"
"3510708";"Cardoso (SP)";"11345"
"3510807";"Casa Branca (SP)";"28083"
"3510906";"Cássia dos Coqueiros (SP)";"2799"
"3511003";"Castilho (SP)";"19977"
"3511102";"Catanduva (SP)";"115791"
"3511201";"Catiguá (SP)";"7003"
"3511300";"Cedral (SP)";"12618"
"3511409";"Cerqueira César (SP)";"21469"
"3511508";"Cerquilho (SP)";"44695"
"3511607";"Cesário Lange (SP)";"19048"
"3511706";"Charqueada (SP)";"15535"
"3511904";"Clementina (SP)";"6982"
"3512001";"Colina (SP)";"18486"
"3512100";"Colômbia (SP)";"6629"
"3512209";"Conchal (SP)";"28101"
"3512308";"Conchas (SP)";"15232"
"3512407";"Cordeirópolis (SP)";"24514"
"3512506";"Coroados (SP)";"5400"
"3512605";"Coronel Macedo (SP)";"4280"
"3512704";"Corumbataí (SP)";"4195"
"3512803";"Cosmópolis (SP)";"59773"
"3512902";"Cosmorama (SP)";"8719"
"3513009";"Cotia (SP)";"274413"
"3513108";"Cravinhos (SP)";"33281"
"3513207";"Cristais Paulista (SP)";"9272"
"3513306";"Cruzália (SP)";"2108"
"3513405";"Cruzeiro (SP)";"74961"
"3513504";"Cubatão (SP)";"112476"
"3513603";"Cunha (SP)";"22110"
"3513702";"Descalvado (SP)";"31756"
"3513801";"Diadema (SP)";"393237"
"3513850";"Dirce Reis (SP)";"1620"
"3513900";"Divinolândia (SP)";"11158"
"3514007";"Dobrada (SP)";"8759"
"3514106";"Dois Córregos (SP)";"24510"
"3514205";"Dolcinópolis (SP)";"2207"
"3514304";"Dourado (SP)";"8096"
"3514403";"Dracena (SP)";"45474"
"3514502";"Duartina (SP)";"12328"
"3514601";"Dumont (SP)";"9471"
"3514700";"Echaporã (SP)";"6205"
"3514809";"Eldorado (SP)";"13069"
"3514908";"Elias Fausto (SP)";"17699"
"3514924";"Elisiário (SP)";"3138"
"3514957";"Embaúba (SP)";"2323"
"3515004";"Embu das Artes (SP)";"250691"
"3515103";"Embu-Guaçu (SP)";"66970"
"3515129";"Emilianópolis (SP)";"3014"
"3515152";"Engenheiro Coelho (SP)";"19566"
"3515186";"Espírito Santo do Pinhal (SP)";"39816"
"3515194";"Espírito Santo do Turvo (SP)";"4157"
"3515202";"Estrela d'Oeste (SP)";"9417"
"3515301";"Estrela do Norte (SP)";"2703"
"3515350";"Euclides da Cunha Paulista (SP)";"7924"
"3515400";"Fartura (SP)";"16641"
"3515509";"Fernandópolis (SP)";"71186"
"3515608";"Fernando Prestes (SP)";"5942"
"3515657";"Fernão (SP)";"1656"
"3515707";"Ferraz de Vasconcelos (SP)";"179198"
"3515806";"Flora Rica (SP)";"1487"
"3515905";"Floreal (SP)";"2733"
"3516002";"Flórida Paulista (SP)";"12958"
"3516101";"Florínea (SP)";"3851"
"3516200";"Franca (SP)";"352536"
"3516309";"Francisco Morato (SP)";"165139"
"3516408";"Franco da Rocha (SP)";"144849"
"3516507";"Gabriel Monteiro (SP)";"2763"
"3516606";"Gália (SP)";"6380"
"3516705";"Garça (SP)";"42110"
"3516804";"Gastão Vidigal (SP)";"3252"
"3516853";"Gavião Peixoto (SP)";"4702"
"3516903";"General Salgado (SP)";"10312"
"3517000";"Getulina (SP)";"10232"
"3517109";"Glicério (SP)";"4138"
"3517208";"Guaiçara (SP)";"11239"
"3517307";"Guaimbê (SP)";"5512"
"3517406";"Guaíra (SP)";"39279"
"3517505";"Guapiaçu (SP)";"21711"
"3517604";"Guapiara (SP)";"17071"
"3517703";"Guará (SP)";"18606"
"3517802";"Guaraçaí (SP)";"7441"
"3517901";"Guaraci (SP)";"10350"
"3518008";"Guarani d'Oeste (SP)";"1968"
"3518107";"Guarantã (SP)";"6427"
"3518206";"Guararapes (SP)";"31043"
"3518305";"Guararema (SP)";"31236"
"3518404";"Guaratinguetá (SP)";"118044"
"3518503";"Guareí (SP)";"15013"
"3518602";"Guariba (SP)";"37498"
"3518701";"Guarujá (SP)";"287634"
"3518800";"Guarulhos (SP)";"1291771"
"3518859";"Guatapará (SP)";"7320"
"3518909";"Guzolândia (SP)";"4246"
"3519006";"Herculândia (SP)";"9125"
"3519055";"Holambra (SP)";"15094"
"3519071";"Hortolândia (SP)";"236641"
"3519105";"Iacanga (SP)";"10437"
"3519204";"Iacri (SP)";"6131"
"3519253";"Iaras (SP)";"8010"
"3519303";"Ibaté (SP)";"32178"
"3519402";"Ibirá (SP)";"11690"
"3519501";"Ibirarema (SP)";"6385"
"3519600";"Ibitinga (SP)";"60033"
"3519709";"Ibiúna (SP)";"75605"
"3519808";"Icém (SP)";"7819"
"3519907";"Iepê (SP)";"7619"
"3520004";"Igaraçu do Tietê (SP)";"23106"
"3520103";"Igarapava (SP)";"26212"
"3520202";"Igaratá (SP)";"10605"
"3520301";"Iguape (SP)";"29115"
"3520400";"Ilhabela (SP)";"34934"
"3520426";"Ilha Comprida (SP)";"13419"
"3520442";"Ilha Solteira (SP)";"25549"
"3520509";"Indaiatuba (SP)";"255748"
"3520608";"Indiana (SP)";"5090"
"3520707";"Indiaporã (SP)";"4035"
"3520806";"Inúbia Paulista (SP)";"3615"
"3520905";"Ipaussu (SP)";"13712"
"3521002";"Iperó (SP)";"36459"
"3521101";"Ipeúna (SP)";"6831"
"3521150";"Ipiguá (SP)";"6761"
"3521200";"Iporanga (SP)";"4046"
"3521309";"Ipuã (SP)";"14454"
"3521408";"Iracemápolis (SP)";"21967"
"3521507";"Irapuã (SP)";"6867"
"3521606";"Irapuru (SP)";"7085"
"3521705";"Itaberá (SP)";"17983"
"3521804";"Itaí (SP)";"25180"
"3521903";"Itajobi (SP)";"16989"
"3522000";"Itaju (SP)";"3618"
"3522109";"Itanhaém (SP)";"112476"
"3522158";"Itaoca (SP)";"3422"
"3522208";"Itapecerica da Serra (SP)";"158522"
"3522307";"Itapetininga (SP)";"157790"
"3522406";"Itapeva (SP)";"89728"
"3522505";"Itapevi (SP)";"232297"
"3522604";"Itapira (SP)";"72022"
"3522653";"Itapirapuã Paulista (SP)";"4306"
"3522703";"Itápolis (SP)";"39493"
"3522802";"Itaporanga (SP)";"14085"
"3522901";"Itapuí (SP)";"13659"
"3523008";"Itapura (SP)";"3979"
"3523107";"Itaquaquecetuba (SP)";"369275"
"3523206";"Itararé (SP)";"44438"
"3523305";"Itariri (SP)";"15528"
"3523404";"Itatiba (SP)";"121590"
"3523503";"Itatinga (SP)";"19070"
"3523602";"Itirapina (SP)";"16148"
"3523701";"Itirapuã (SP)";"5779"
"3523800";"Itobi (SP)";"8046"
"3523909";"Itu (SP)";"168240"
"3524006";"Itupeva (SP)";"70616"
"3524105";"Ituverava (SP)";"37571"
"3524204";"Jaborandi (SP)";"6221"
"3524303";"Jaboticabal (SP)";"71821"
"3524402";"Jacareí (SP)";"240275"
"3524501";"Jaci (SP)";"7613"
"3524600";"Jacupiranga (SP)";"16097"
"3524709";"Jaguariúna (SP)";"59347"
"3524808";"Jales (SP)";"48776"
"3524907";"Jambeiro (SP)";"6397"
"3525003";"Jandira (SP)";"118045"
"3525102";"Jardinópolis (SP)";"45282"
"3525201";"Jarinu (SP)";"37535"
"3525300";"Jaú (SP)";"133497"
"3525409";"Jeriquara (SP)";"3863"
"3525508";"Joanópolis (SP)";"12815"
"3525607";"João Ramalho (SP)";"4371"
"3525706";"José Bonifácio (SP)";"36633"
"3525805";"Júlio Mesquita (SP)";"4254"
"3525854";"Jumirim (SP)";"3056"
"3525904";"Jundiaí (SP)";"443221"
"3526001";"Junqueirópolis (SP)";"20448"
"3526100";"Juquiá (SP)";"17154"
"3526209";"Juquitiba (SP)";"27404"
"3526308";"Lagoinha (SP)";"5083"
"3526407";"Laranjal Paulista (SP)";"26261"
"3526506";"Lavínia (SP)";"9689"
"3526605";"Lavrinhas (SP)";"7171"
"3526704";"Leme (SP)";"98161"
"3526803";"Lençóis Paulista (SP)";"66505"
"3526902";"Limeira (SP)";"291869"
"3527009";"Lindóia (SP)";"7014"
"3527108";"Lins (SP)";"74779"
"3527207";"Lorena (SP)";"84855"
"3527256";"Lourdes (SP)";"1950"
"3527306";"Louveira (SP)";"51847"
"3527405";"Lucélia (SP)";"20061"
"3527504";"Lucianópolis (SP)";"2372"
"3527603";"Luís Antônio (SP)";"12265"
"3527702";"Luiziânia (SP)";"4701"
"3527801";"Lupércio (SP)";"3981"
"3527900";"Lutécia (SP)";"2661"
"3528007";"Macatuba (SP)";"16829"
"3528106";"Macaubal (SP)";"7481"
"3528205";"Macedônia (SP)";"3963"
"3528304";"Magda (SP)";"3165"
"3528403";"Mairinque (SP)";"50027"
"3528502";"Mairiporã (SP)";"93853"
"3528601";"Manduri (SP)";"9871"
"3528700";"Marabá Paulista (SP)";"4573"
"3528809";"Maracaí (SP)";"12673"
"3528858";"Marapoama (SP)";"3292"
"3528908";"Mariápolis (SP)";"3513"
"3529005";"Marília (SP)";"237627"
"3529104";"Marinópolis (SP)";"1860"
"3529203";"Martinópolis (SP)";"24881"
"3529302";"Matão (SP)";"79033"
"3529401";"Mauá (SP)";"418261"
"3529500";"Mendonça (SP)";"6159"
"3529609";"Meridiano (SP)";"4572"
"3529658";"Mesópolis (SP)";"1952"
"3529708";"Miguelópolis (SP)";"19441"
"3529807";"Mineiros do Tietê (SP)";"11230"
"3529906";"Miracatu (SP)";"18553"
"3530003";"Mira Estrela (SP)";"3126"
"3530102";"Mirandópolis (SP)";"27983"
"3530201";"Mirante do Paranapanema (SP)";"15917"
"3530300";"Mirassol (SP)";"63337"
"3530409";"Mirassolândia (SP)";"4669"
"3530508";"Mococa (SP)";"67681"
"3530607";"Mogi das Cruzes (SP)";"451505"
"3530706";"Mogi Guaçu (SP)";"153658"
"3530805";"Mogi Mirim (SP)";"92558"
"3530904";"Mombuca (SP)";"3722"
"3531001";"Monções (SP)";"1937"
"3531100";"Mongaguá (SP)";"61951"
"3531209";"Monte Alegre do Sul (SP)";"8627"
"3531308";"Monte Alto (SP)";"47574"
"3531407";"Monte Aprazível (SP)";"22280"
"3531506";"Monte Azul Paulista (SP)";"18151"
"3531605";"Monte Castelo (SP)";"4222"
"3531704";"Monteiro Lobato (SP)";"4138"
"3531803";"Monte Mor (SP)";"64662"
"3531902";"Morro Agudo (SP)";"27933"
"3532009";"Morungaba (SP)";"13720"
"3532058";"Motuca (SP)";"4034"
"3532108";"Murutinga do Sul (SP)";"3737"
"3532157";"Nantes (SP)";"2660"
"3532207";"Narandiba (SP)";"5713"
"3532306";"Natividade da Serra (SP)";"6999"
"3532405";"Nazaré Paulista (SP)";"18217"
"3532504";"Neves Paulista (SP)";"9699"
"3532603";"Nhandeara (SP)";"9852"
"3532702";"Nipoã (SP)";"4750"
"3532801";"Nova Aliança (SP)";"6693"
"3532827";"Nova Campina (SP)";"8497"
"3532843";"Nova Canaã Paulista (SP)";"2032"
"3532868";"Nova Castilho (SP)";"1062"
"3532900";"Nova Europa (SP)";"9311"
"3533007";"Nova Granada (SP)";"19419"
"3533106";"Nova Guataporanga (SP)";"2156"
"3533205";"Nova Independência (SP)";"4609"
"3533254";"Novais (SP)";"4412"
"3533304";"Nova Luzitânia (SP)";"2837"
"3533403";"Nova Odessa (SP)";"62019"
"3533502";"Novo Horizonte (SP)";"38324"
"3533601";"Nuporanga (SP)";"7391"
"3533700";"Ocauçu (SP)";"4331"
"3533809";"Óleo (SP)";"2512"
"3533908";"Olímpia (SP)";"55074"
"3534005";"Onda Verde (SP)";"4771"
"3534104";"Oriente (SP)";"6085"
"3534203";"Orindiúva (SP)";"6024"
"3534302";"Orlândia (SP)";"38319"
"3534401";"Osasco (SP)";"728615"
"3534500";"Oscar Bressane (SP)";"2470"
"3534609";"Osvaldo Cruz (SP)";"31272"
"3534708";"Ourinhos (SP)";"103970"
"3534757";"Ouroeste (SP)";"10294"
"3534807";"Ouro Verde (SP)";"7779"
"3534906";"Pacaembu (SP)";"14877"
"3535002";"Palestina (SP)";"11476"
"3535101";"Palmares Paulista (SP)";"9650"
"3535200";"Palmeira d'Oeste (SP)";"8903"
"3535309";"Palmital (SP)";"19594"
"3535408";"Panorama (SP)";"14964"
"3535507";"Paraguaçu Paulista (SP)";"41120"
"3535606";"Paraibuna (SP)";"17667"
"3535705";"Paraíso (SP)";"6099"
"3535804";"Paranapanema (SP)";"19395"
"3535903";"Paranapuã (SP)";"4031"
"3536000";"Parapuã (SP)";"10580"
"3536109";"Pardinho (SP)";"7153"
"3536208";"Pariquera-Açu (SP)";"19233"
"3536257";"Parisi (SP)";"2892"
"3536307";"Patrocínio Paulista (SP)";"14512"
"3536406";"Paulicéia (SP)";"7955"
"3536505";"Paulínia (SP)";"110537"
"3536570";"Paulistânia (SP)";"2090"
"3536604";"Paulo de Faria (SP)";"7400"
"3536703";"Pederneiras (SP)";"44827"
"3536802";"Pedra Bela (SP)";"6557"
"3536901";"Pedranópolis (SP)";"2787"
"3537008";"Pedregulho (SP)";"15525"
"3537107";"Pedreira (SP)";"43112"
"3537156";"Pedrinhas Paulista (SP)";"2804"
"3537206";"Pedro de Toledo (SP)";"11281"
"3537305";"Penápolis (SP)";"61679"
"3537404";"Pereira Barreto (SP)";"24095"
"3537503";"Pereiras (SP)";"8737"
"3537602";"Peruíbe (SP)";"68352"
"3537701";"Piacatu (SP)";"5519"
"3537800";"Piedade (SP)";"52970"
"3537909";"Pilar do Sul (SP)";"27619"
"3538006";"Pindamonhangaba (SP)";"165428"
"3538105";"Pindorama (SP)";"14542"
"3538204";"Pinhalzinho (SP)";"15224"
"3538303";"Piquerobi (SP)";"3264"
"3538501";"Piquete (SP)";"12490"
"3538600";"Piracaia (SP)";"26029"
"3538709";"Piracicaba (SP)";"423323"
"3538808";"Piraju (SP)";"29436"
"3538907";"Pirajuí (SP)";"22431"
"3539004";"Pirangi (SP)";"10885"
"3539103";"Pirapora do Bom Jesus (SP)";"18370"
"3539202";"Pirapozinho (SP)";"25348"
"3539301";"Pirassununga (SP)";"73545"
"3539400";"Piratininga (SP)";"15108"
"3539509";"Pitangueiras (SP)";"33674"
"3539608";"Planalto (SP)";"4389"
"3539707";"Platina (SP)";"3025"
"3539806";"Poá (SP)";"103765"
"3539905";"Poloni (SP)";"5592"
"3540002";"Pompéia (SP)";"20196"
"3540101";"Pongaí (SP)";"3395"
"3540200";"Pontal (SP)";"37607"
"3540259";"Pontalinda (SP)";"4127"
"3540309";"Pontes Gestal (SP)";"2387"
"3540408";"Populina (SP)";"4127"
"3540507";"Porangaba (SP)";"10451"
"3540606";"Porto Feliz (SP)";"56497"
"3540705";"Porto Ferreira (SP)";"52649"
"3540754";"Potim (SP)";"20392"
"3540804";"Potirendaba (SP)";"18496"
"3540853";"Pracinha (SP)";"2578"
"3540903";"Pradópolis (SP)";"17078"
"3541000";"Praia Grande (SP)";"349935"
"3541059";"Pratânia (SP)";"5126"
"3541109";"Presidente Alves (SP)";"3804"
"3541208";"Presidente Bernardes (SP)";"14490"
"3541307";"Presidente Epitácio (SP)";"39505"
"3541406";"Presidente Prudente (SP)";"225668"
"3541505";"Presidente Venceslau (SP)";"35201"
"3541604";"Promissão (SP)";"35131"
"3541653";"Quadra (SP)";"3405"
"3541703";"Quatá (SP)";"13163"
"3541802";"Queiroz (SP)";"3265"
"3541901";"Queluz (SP)";"9159"
"3542008";"Quintana (SP)";"7038"
"3542107";"Rafard (SP)";"8965"
"3542206";"Rancharia (SP)";"28588"
"3542305";"Redenção da Serra (SP)";"4494"
"3542404";"Regente Feijó (SP)";"20145"
"3542503";"Reginópolis (SP)";"7662"
"3542602";"Registro (SP)";"59947"
"3542701";"Restinga (SP)";"6404"
"3542800";"Ribeira (SP)";"3132"
"3542909";"Ribeirão Bonito (SP)";"10989"
"3543006";"Ribeirão Branco (SP)";"18627"
"3543105";"Ribeirão Corrente (SP)";"4608"
"3543204";"Ribeirão do Sul (SP)";"4677"
"3543238";"Ribeirão dos Índios (SP)";"2025"
"3543253";"Ribeirão Grande (SP)";"7450"
"3543303";"Ribeirão Pires (SP)";"115559"
"3543402";"Ribeirão Preto (SP)";"698642"
"3543501";"Riversul (SP)";"5599"
"3543600";"Rifaina (SP)";"4049"
"3543709";"Rincão (SP)";"9098"
"3543808";"Rinópolis (SP)";"9259"
"3543907";"Rio Claro (SP)";"201418"
"3544004";"Rio das Pedras (SP)";"31328"
"3544103";"Rio Grande da Serra (SP)";"44170"
"3544202";"Riolândia (SP)";"10309"
"3544251";"Rosana (SP)";"17440"
"3544301";"Roseira (SP)";"10832"
"3544400";"Rubiácea (SP)";"2700"
"3544509";"Rubinéia (SP)";"3833"
"3544608";"Sabino (SP)";"5112"
"3544707";"Sagres (SP)";"2474"
"3544806";"Sales (SP)";"6437"
"3544905";"Sales Oliveira (SP)";"11411"
"3545001";"Salesópolis (SP)";"15202"
"3545100";"Salmourão (SP)";"4808"
"3545159";"Saltinho (SP)";"8161"
"3545209";"Salto (SP)";"134319"
"3545308";"Salto de Pirapora (SP)";"43748"
"3545407";"Salto Grande (SP)";"9050"
"3545506";"Sandovalina (SP)";"3645"
"3545605";"Santa Adélia (SP)";"14018"
"3545704";"Santa Albertina (SP)";"6393"
"3545803";"Santa Bárbara d'Oeste (SP)";"183347"
"3546009";"Santa Branca (SP)";"13975"
"3546108";"Santa Clara d'Oeste (SP)";"2598"
"3546207";"Santa Cruz da Conceição (SP)";"4277"
"3546256";"Santa Cruz da Esperança (SP)";"2116"
"3546306";"Santa Cruz das Palmeiras (SP)";"28864"
"3546405";"Santa Cruz do Rio Pardo (SP)";"46442"
"3546504";"Santa Ernestina (SP)";"6118"
"3546603";"Santa Fé do Sul (SP)";"34794"
"3546702";"Santa Gertrudes (SP)";"23611"
"3546801";"Santa Isabel (SP)";"53174"
"3546900";"Santa Lúcia (SP)";"7149"
"3547007";"Santa Maria da Serra (SP)";"5243"
"3547106";"Santa Mercedes (SP)";"2956"
"3547205";"Santana da Ponte Pensa (SP)";"1670"
"3547304";"Santana de Parnaíba (SP)";"154105"
"3547403";"Santa Rita d'Oeste (SP)";"2733"
"3547502";"Santa Rita do Passa Quatro (SP)";"24833"
"3547601";"Santa Rosa de Viterbo (SP)";"23411"
"3547650";"Santa Salete (SP)";"1645"
"3547700";"Santo Anastácio (SP)";"17963"
"3547809";"Santo André (SP)";"748919"
"3547908";"Santo Antônio da Alegria (SP)";"6775"
"3548005";"Santo Antônio de Posse (SP)";"23244"
"3548054";"Santo Antônio do Aracanguá (SP)";"8379"
"3548104";"Santo Antônio do Jardim (SP)";"6126"
"3548203";"Santo Antônio do Pinhal (SP)";"7133"
"3548302";"Santo Expedito (SP)";"3000"
"3548401";"Santópolis do Aguapeí (SP)";"3899"
"3548500";"Santos (SP)";"418608"
"3548609";"São Bento do Sapucaí (SP)";"11674"
"3548708";"São Bernardo do Campo (SP)";"810729"
"3548807";"São Caetano do Sul (SP)";"165655"
"3548906";"São Carlos (SP)";"254857"
"3549003";"São Francisco (SP)";"2602"
"3549102";"São João da Boa Vista (SP)";"92547"
"3549201";"São João das Duas Pontes (SP)";"2580"
"3549250";"São João de Iracema (SP)";"1846"
"3549300";"São João do Pau d'Alho (SP)";"2242"
"3549409";"São Joaquim da Barra (SP)";"48558"
"3549508";"São José da Bela Vista (SP)";"7626"
"3549607";"São José do Barreiro (SP)";"3853"
"3549706";"São José do Rio Pardo (SP)";"52205"
"3549805";"São José do Rio Preto (SP)";"480393"
"3549904";"São José dos Campos (SP)";"697054"
"3549953";"São Lourenço da Serra (SP)";"16067"
"3550001";"São Luiz do Paraitinga (SP)";"10337"
"3550100";"São Manuel (SP)";"37289"
"3550209";"São Miguel Arcanjo (SP)";"32039"
"3550308";"São Paulo (SP)";"11451999"
"3550407";"São Pedro (SP)";"38256"
"3550506";"São Pedro do Turvo (SP)";"7217"
"3550605";"São Roque (SP)";"79484"
"3550704";"São Sebastião (SP)";"81595"
"3550803";"São Sebastião da Grama (SP)";"10441"
"3550902";"São Simão (SP)";"13442"
"3551009";"São Vicente (SP)";"329911"
"3551108";"Sarapuí (SP)";"10369"
"3551207";"Sarutaiá (SP)";"3704"
"3551306";"Sebastianópolis do Sul (SP)";"3130"
"3551405";"Serra Azul (SP)";"12746"
"3551504";"Serrana (SP)";"43909"
"3551603";"Serra Negra (SP)";"29894"
"3551702";"Sertãozinho (SP)";"126887"
"3551801";"Sete Barras (SP)";"12730"
"3551900";"Severínia (SP)";"14576"
"3552007";"Silveiras (SP)";"6186"
"3552106";"Socorro (SP)";"40122"
"3552205";"Sorocaba (SP)";"723682"
"3552304";"Sud Mennucci (SP)";"7355"
"3552403";"Sumaré (SP)";"279545"
"3552502";"Suzano (SP)";"307429"
"3552551";"Suzanápolis (SP)";"3408"
"3552601";"Tabapuã (SP)";"11323"
"3552700";"Tabatinga (SP)";"14769"
"3552809";"Taboão da Serra (SP)";"273542"
"3552908";"Taciba (SP)";"6260"
"3553005";"Taguaí (SP)";"12669"
"3553104";"Taiaçu (SP)";"5677"
"3553203";"Taiúva (SP)";"6548"
"3553302";"Tambaú (SP)";"21435"
"3553401";"Tanabi (SP)";"25265"
"3553500";"Tapiraí (SP)";"7996"
"3553609";"Tapiratiba (SP)";"11816"
"3553658";"Taquaral (SP)";"2619"
"3553708";"Taquaritinga (SP)";"52260"
"3553807";"Taquarituba (SP)";"24350"
"3553856";"Taquarivaí (SP)";"6876"
"3553906";"Tarabai (SP)";"6536"
"3553955";"Tarumã (SP)";"14882"
"3554003";"Tatuí (SP)";"123942"
"3554102";"Taubaté (SP)";"310739"
"3554201";"Tejupá (SP)";"4127"
"3554300";"Teodoro Sampaio (SP)";"22173"
"3554409";"Terra Roxa (SP)";"7904"
"3554508";"Tietê (SP)";"37663"
"3554607";"Timburi (SP)";"2464"
"3554656";"Torre de Pedra (SP)";"2046"
"3554706";"Torrinha (SP)";"9335"
"3554755";"Trabiju (SP)";"1682"
"3554805";"Tremembé (SP)";"51173"
"3554904";"Três Fronteiras (SP)";"6804"
"3554953";"Tuiuti (SP)";"6778"
"3555000";"Tupã (SP)";"63928"
"3555109";"Tupi Paulista (SP)";"15854"
"3555208";"Turiúba (SP)";"1818"
"3555307";"Turmalina (SP)";"1669"
"3555356";"Ubarana (SP)";"5365"
"3555406";"Ubatuba (SP)";"92981"
"3555505";"Ubirajara (SP)";"5132"
"3555604";"Uchoa (SP)";"10394"
"3555703";"União Paulista (SP)";"1603"
"3555802";"Urânia (SP)";"8833"
"3555901";"Uru (SP)";"1387"
"3556008";"Urupês (SP)";"13744"
"3556107";"Valentim Gentil (SP)";"14098"
"3556206";"Valinhos (SP)";"126373"
"3556305";"Valparaíso (SP)";"24241"
"3556354";"Vargem (SP)";"10512"
"3556404";"Vargem Grande do Sul (SP)";"40133"
"3556453";"Vargem Grande Paulista (SP)";"50415"
"3556503";"Várzea Paulista (SP)";"115771"
"3556602";"Vera Cruz (SP)";"10176"
"3556701";"Vinhedo (SP)";"76540"
"3556800";"Viradouro (SP)";"17414"
"3556909";"Vista Alegre do Alto (SP)";"8109"
"3556958";"Vitória Brasil (SP)";"1794"
"3557006";"Votorantim (SP)";"127923"
"3557105";"Votuporanga (SP)";"96634"
"3557154";"Zacarias (SP)";"2692"
"3557204";"Chavantes (SP)";"12211"
"3557303";"Estiva Gerbi (SP)";"11295"
"Fonte: IBGE - Censo Demográfico"

"Notas"
"1- Dados do Universo."
"2- Para a obtenção da variação absoluta e da taxa de crescimento geométrico do período 2010/2022 foram utilizadas a população residente em 2010 (reconstituída de acordo com a base territorial de 2022) e a população residente em 2022, sendo que para este último ano foi incluída a população estimada (aproximadamente 8 milhões de habitantes) para os domicílios particulares permanentes ocupados sem entrevista."
"3- Os dados apresentados foram atualizados em 27/10/23 e se referem aos dados coletados até o dia 28/05/2023, com a incorporação das revisões realizadas entre 29/05/2023 e 07/07/2023."
"4- Os dados referentes aos municípios Abel Figueiredo (PA) e São Pedro da Água Branca (MA) foram corrigidos no dia 22/12/2023, impactando nos totais dos estados do Pará e do Maranhão e nos totais das Grandes Regiões do Norte e Nordeste."
""
"Legenda"
"Símbolo";"Significado"
"-";"Zero absoluto, não resultante de um cálculo ou arredondamento.
Ex: Em determinado município não existem pessoas de 14 anos de idade sem instrução."
"0";"Zero resultante de um cálculo ou arredondamento.
Ex: A inflação do feijão em determinada Região Metropolitana foi 0.
Determinado município produziu 400 kg de sementes de girassol e os dados da tabela são expressos em toneladas."
"X";"Valor inibido para não identificar o informante.
Ex: Determinado município só possui uma empresa produtora de cimento, logo o valor de sua produção deve ser inibido."
"..";"Valor não se aplica.
Ex: Não se pode obter o total da produção agrícola em determinado município quando os produtos agrícolas são contabilizados com unidades de medida distintas."
"...";"Valor não disponível.
Ex: A produção de feijão em determinado município não foi pesquisada ou determinado município não existia no ano da pesquisa."
"A a Z
(exceto X)";"Significa uma faixa de valores. Varia em função da tabela (se for o caso).
Ex: O nível de precisão da produção estimada de combustíveis está na faixa A (95 a 100%)"
